<application>
  <component name="FileTypeManager" version="18">
    <ignoreFiles list="*.ipynb;*.pyc;*.pyo;*.rbc;*.yarb;*~;.DS_Store;.git;.hg;.svn;CVS;__pycache__;_svn;ipynb*;vssver.scc;vssver2.scc" />
    <extensionMap>
      <mapping ext="ipynb" type="PLAIN_TEXT" />
      <removed_mapping ext="apk" approved="true" type="ARCHIVE" />
      <removed_mapping ext="ipynb" approved="true" type="IPNB" />
      <removed_mapping ext="ipynb" approved="true" type="Jupyter" />
      <removed_mapping ext="psd" approved="true" type="Image" />
      <removed_mapping pattern="concat.py" approved="true" type="PLAIN_TEXT" />
    </extensionMap>
  </component>
</application>